location_name,location_id,travel_limit_start_date,travel_limit_end_date,stay_home_start_date,stay_home_end_date,educational_fac_start_date,educational_fac_end_date,any_gathering_restrict_start_date,any_gathering_restrict_end_date,any_business_start_date,any_business_end_date,all_non-ess_business_start_date,all_non-ess_business_end_date
Abruzzo,35507,2020-03-22,2020-05-04,2020-03-11,2020-06-03,2020-03-05,,2020-03-11,,2020-03-11,2020-06-15,2020-03-11,2020-04-14
Acre,4750,,,,,2020-03-16,,2020-03-20,,2020-03-17,,2020-03-17,2020-06-22
Afghanistan,160,,,,,2020-03-14,,2020-03-18,,2020-03-18,,,
Aguascalientes,4643,,,2020-06-22,,2020-03-19,,2020-03-13,,2020-03-23,,2020-03-30,
Alabama,523,,,2020-04-04,2020-04-30,2020-03-19,,2020-03-19,,2020-03-19,2020-06-15,2020-03-28,2020-04-30
Alagoas,4751,,,,,2020-03-17,,2020-03-16,,2020-04-07,,2020-04-07,2020-05-06
Alaska,524,2020-03-28,,2020-03-28,2020-04-24,2020-03-16,,2020-03-24,2020-05-22,2020-03-17,2020-05-22,2020-03-28,2020-04-24
Albania,43,2020-03-14,2020-06-01,2020-03-12,2020-06-01,2020-03-08,,2020-03-12,,2020-03-11,,2020-03-14,2020-04-20
Alberta,43858,,,,,2020-03-16,,2020-03-12,,2020-03-18,,,
Algeria,139,,,,,2020-03-12,,2020-03-17,,2020-03-22,,,
Amapá,4753,,,2020-05-19,,2020-03-18,,2020-03-20,,2020-03-20,,2020-04-04,2020-06-16
Amazonas,4752,2020-04-06,2020-06-01,,,2020-03-16,,2020-03-31,,2020-03-19,,2020-03-24,2020-06-01
Andalucia,60357,,,2020-03-15,2020-05-18,2020-03-14,,2020-03-15,,2020-03-15,,2020-03-15,2020-04-13
Andhra Pradesh,4841,2020-03-22,2020-05-21,2020-03-22,2020-06-01,2020-03-18,,2020-03-22,,2020-03-22,,2020-03-22,2020-05-21
Andorra,74,,,,,2020-03-16,,,,2020-03-13,,2020-03-16,2020-04-20
Angola,168,2020-03-27,2020-05-25,2020-03-27,2020-05-25,2020-03-24,,2020-03-24,,2020-03-27,,2020-03-27,2020-05-25
Aragon,60358,,,2020-03-15,2020-05-11,2020-03-14,,2020-03-15,,2020-03-15,,2020-03-15,2020-04-13
Argentina,97,2020-03-20,2020-04-27,2020-03-20,,2020-03-16,,2020-03-15,,2020-03-20,,2020-03-20,
Arizona,525,,,2020-03-30,2020-05-16,2020-03-16,,2020-03-30,2020-05-16,2020-03-30,2020-05-16,,
Arkansas,526,,,,,2020-03-17,2020-08-24,2020-03-27,2020-06-18,2020-03-19,,,
Armenia,33,2020-04-03,2020-04-22,2020-03-24,2020-05-04,2020-03-13,,2020-03-16,,2020-03-24,,2020-03-24,2020-04-23
Arunachal Pradesh,4842,2020-03-23,2020-05-04,2020-03-23,2020-06-01,2020-03-17,,2020-03-23,,2020-03-17,,2020-03-17,2020-05-04
Assam,4843,2020-03-24,2020-05-05,2020-03-24,2020-06-01,2020-03-15,,2020-03-24,,2020-03-24,,2020-03-24,2020-04-21
Asturias,60365,,,2020-03-15,2020-05-11,2020-03-14,,2020-03-15,,2020-03-15,,2020-03-15,2020-04-13
Australia,71,,,,,,,2020-03-20,,2020-03-23,,,
Austria,75,,,2020-03-16,2020-05-01,2020-03-16,2020-06-03,2020-03-10,,2020-03-16,2020-05-01,2020-03-16,2020-04-13
Azad Jammu & Kashmir,53615,,,2020-03-24,2020-05-09,2020-03-13,,2020-03-24,,2020-03-24,,2020-03-24,2020-04-15
Azerbaijan,34,2020-02-29,2020-05-18,2020-04-05,,2020-03-03,,2020-03-24,,2020-03-14,,2020-03-14,2020-05-31
Baden-Württemberg,60377,,,2020-03-21,2020-05-11,2020-03-17,,2020-03-21,,2020-03-21,,2020-03-21,2020-04-20
Bahamas,106,2020-03-20,2020-06-01,2020-03-24,2020-06-08,2020-03-16,,2020-03-16,,2020-03-20,,2020-03-20,2020-06-08
Bahia,4754,,,,,2020-03-17,,2020-03-27,,,,,
Bahrain,140,,,,,2020-02-26,,2020-03-18,,2020-03-18,,2020-03-26,2020-04-09
Baja California,4644,,,2020-06-22,,2020-03-19,,2020-03-18,,2020-03-23,,2020-03-30,
Baja California Sur,4645,,,2020-06-23,,2020-03-19,,2020-03-16,,2020-03-23,,2020-03-30,
Balearic Islands,60363,,,2020-03-15,2020-05-11,2020-03-14,,2020-03-15,,2020-03-15,,2020-03-15,2020-04-13
Balochistan,53616,,,2020-03-24,2020-05-09,2020-02-27,,2020-03-24,,2020-03-24,,2020-03-24,2020-04-15
Bangladesh,161,2020-03-16,2020-06-01,2020-03-26,2020-06-01,2020-03-17,,2020-03-19,,2020-03-26,,2020-03-26,2020-05-05
Barbados,107,,,2020-04-03,2020-05-04,2020-03-25,2020-06-15,2020-03-17,,2020-03-28,2020-06-22,2020-03-28,2020-05-04
Basilicata,35511,2020-03-22,2020-05-04,2020-03-11,2020-06-03,2020-03-05,,2020-03-11,,2020-03-11,2020-06-15,2020-03-11,2020-04-14
Basque Country,60374,,,2020-03-15,2020-05-11,2020-03-14,,2020-03-15,,2020-03-15,2020-06-18,2020-03-15,2020-04-13
Bavaria,60378,,,2020-03-21,2020-05-06,2020-03-16,,2020-03-21,,2020-03-17,,2020-03-21,2020-04-27
Beijing,492,2020-01-31,2020-04-15,2020-01-31,2020-04-15,2020-01-31,2020-04-15,2020-01-31,2020-04-15,2020-01-31,2020-04-15,2020-01-31,2020-04-15
Belarus,57,,,,,,,,,,,,
Belgium,76,,,2020-03-18,2020-06-08,2020-03-14,2020-09-01,2020-03-13,,2020-03-13,,2020-03-18,2020-05-11
Benin,200,,,,,2020-03-30,,2020-03-18,,,,,
Berlin,60379,,,2020-03-23,2020-05-09,2020-03-23,2020-05-29,2020-03-23,,2020-03-14,,2020-03-23,2020-04-22
Bihar,4844,2020-03-23,2020-05-19,2020-03-23,2020-06-01,2020-03-13,,2020-03-23,,2020-03-23,,2020-03-23,2020-05-08
Bolivia (Plurinational State of),121,2020-03-27,,2020-03-26,,2020-03-12,,2020-03-12,,2020-03-16,,2020-03-20,2020-07-01
Bosnia and Herzegovina,44,2020-03-19,2020-05-29,2020-03-22,2020-05-21,2020-03-12,,2020-03-18,,2020-03-18,,2020-03-20,2020-04-29
Brandenburg,60380,,,2020-03-17,2020-05-09,2020-03-18,2020-05-25,2020-03-17,,2020-03-17,,2020-03-17,2020-04-22
Brazil,135,,,,,2020-03-24,,,,,,,
Bremen,60381,,,2020-03-22,2020-05-14,2020-03-16,2020-05-25,2020-03-22,,2020-03-20,,2020-03-20,2020-04-20
British Columbia,43859,,,,,2020-03-17,2020-06-01,2020-03-16,,2020-03-20,,,
Bulgaria,45,2020-03-21,,2020-03-17,2020-05-03,2020-03-13,,2020-03-13,,2020-03-13,,2020-03-13,2020-05-06
Burkina Faso,201,,,,,2020-03-16,,2020-03-13,,,,,
Cabo Verde,203,,,,,2020-03-27,,2020-03-16,,2020-03-16,,,
Calabria,35512,2020-03-22,2020-05-04,2020-03-11,2020-06-03,2020-03-05,,2020-03-11,,2020-03-11,2020-06-15,2020-03-11,2020-04-14
California,527,,,2020-03-19,,2020-03-19,,2020-03-11,,2020-03-19,,2020-03-19,
Cameroon,202,,,,,2020-03-18,,2020-03-18,,,,,
Campania,35509,2020-03-22,2020-05-04,2020-03-11,2020-06-03,2020-03-05,,2020-03-11,,2020-03-11,2020-06-15,2020-03-11,2020-04-14
Campeche,4646,,,2020-06-22,,2020-03-18,,2020-03-19,,2020-03-30,,2020-03-30,
Canada,101,,,,,2020-03-23,,2020-03-23,,,,,
Canary Islands,60364,,,2020-03-15,2020-05-11,2020-03-14,,2020-03-15,,2020-03-15,,2020-03-15,2020-04-13
Cantabria,60359,,,2020-03-15,2020-05-11,2020-03-14,,2020-03-15,,2020-03-15,2020-06-22,2020-03-15,2020-04-13
Castile and León,60367,,,2020-03-15,2020-05-25,2020-03-14,,2020-03-15,,2020-03-15,,2020-03-15,2020-04-13
Castilla-La Mancha,60360,,,2020-03-15,2020-05-18,2020-03-14,,2020-03-15,,2020-03-15,,2020-03-15,2020-04-13
Catalonia,60368,,,2020-03-15,2020-05-25,2020-03-14,,2020-03-11,,2020-03-12,2020-06-22,2020-03-15,2020-05-25
Ceará,4755,,,2020-05-05,,2020-03-16,,2020-03-16,,2020-03-20,,2020-03-20,2020-06-08
Central African Republic,169,,,,,2020-03-27,,2020-03-13,,2020-03-26,,,
Chad,204,,,,,2020-03-20,,2020-03-19,,2020-03-23,,,
Chhattisgarh,4846,2020-03-25,2020-05-28,2020-03-21,2020-06-01,2020-03-13,,2020-03-21,,2020-03-21,,2020-03-21,2020-05-18
Chiapas,4649,,,2020-06-22,,2020-03-22,,2020-03-15,,2020-03-23,,2020-03-30,
Chihuahua,4650,,,2020-06-22,,2020-03-23,,2020-03-25,,2020-03-24,,2020-03-24,
Chile,98,,,,,2020-03-16,,2020-03-16,,2020-03-21,,,
China,6,,,,,,,,,,,,
Chongqing,493,2020-02-08,2020-03-24,2020-02-08,2020-03-24,2020-02-08,2020-03-24,2020-02-08,2020-03-24,2020-02-08,2020-03-24,2020-02-08,2020-03-24
Coahuila,4647,,,2020-06-22,,2020-03-19,,2020-03-18,,2020-03-23,,2020-03-30,
Colima,4648,,,2020-06-22,,2020-03-16,,2020-03-16,,2020-03-18,,2020-03-18,
Colombia,125,2020-03-25,2020-06-15,2020-03-25,2020-06-15,2020-03-16,,2020-03-16,,2020-03-19,,2020-03-25,2020-04-27
Colorado,528,,,2020-03-26,2020-05-09,2020-03-23,,2020-03-19,,2020-03-17,,2020-03-26,2020-05-09
Community of Madrid,60361,,,2020-03-15,2020-05-25,2020-03-11,,2020-03-15,,2020-03-13,,2020-03-13,2020-04-13
Comoros,176,,,,,2020-03-20,,2020-03-16,,,,,
Congo,170,,,2020-03-31,2020-05-18,2020-03-19,,2020-03-19,,2020-03-19,,2020-03-31,2020-05-18
Connecticut,529,,,,,2020-03-17,,2020-03-12,,2020-03-16,,2020-03-23,2020-05-20
Costa Rica,126,2020-04-08,2020-04-13,2020-03-24,2020-05-01,2020-03-16,,2020-03-09,,2020-03-23,,,
Croatia,46,2020-03-23,2020-05-25,2020-03-17,2020-05-11,2020-03-16,2020-05-25,2020-03-09,,2020-03-19,,2020-03-19,2020-04-27
Cuba,109,2020-04-11,,,,2020-03-24,,2020-03-20,,2020-03-24,,,
Cyprus,77,,,2020-03-24,2020-05-04,2020-03-13,2020-05-21,2020-03-24,,2020-03-24,,2020-03-24,2020-05-04
Czechia,47,,,2020-03-16,2020-04-20,2020-03-10,,2020-03-10,,2020-03-10,,2020-03-14,2020-04-20
Côte d'Ivoire,205,,,,,2020-03-16,2020-07-31,2020-03-16,,2020-03-18,2020-07-31,,
Delaware,530,,,2020-03-24,2020-06-01,2020-03-16,,2020-03-16,,2020-03-16,,2020-03-24,2020-05-08
Delhi,4849,2020-03-23,2020-04-26,2020-03-23,2020-06-01,2020-03-19,,2020-03-23,,2020-03-20,,2020-03-20,2020-04-26
Democratic Republic of the Congo,171,,,,,2020-03-19,,2020-03-19,,2020-03-19,,,
Denmark,78,,,,,2020-03-16,2020-09-10,2020-03-18,,2020-03-18,,,
District of Columbia,531,,,2020-03-30,2020-05-29,2020-03-16,,2020-03-13,,2020-03-16,,2020-03-25,2020-05-29
Distrito Federal,4756,,,,,2020-03-12,,2020-03-12,,2020-03-15,,2020-03-19,2020-05-27
Djibouti,177,,,2020-03-23,2020-05-17,2020-03-19,,2020-03-22,,2020-03-22,,2020-03-23,2020-05-17
Dominican Republic,111,2020-03-19,2020-04-13,,,2020-03-19,,2020-03-25,,2020-03-19,,2020-03-19,2020-05-20
Durango,4652,,,2020-04-19,,2020-03-22,,2020-04-02,,2020-03-29,,2020-03-30,
East Asia and Pacific,60898,,,,,,,,,,,,
Ecuador,122,2020-03-18,,2020-03-17,,2020-03-13,,2020-03-15,,2020-03-15,,2020-03-17,
Egypt,141,,,,,2020-03-15,,2020-03-09,,2020-03-24,,,
El Salvador,127,,,2020-03-11,2020-06-16,2020-03-11,,2020-03-11,,2020-03-14,,,
Emilia-Romagna,35502,2020-03-22,2020-05-04,2020-03-11,2020-06-03,2020-03-01,,2020-03-07,,2020-03-07,2020-06-15,2020-03-11,2020-04-14
England,4749,,,2020-03-23,2020-06-01,2020-03-23,,2020-03-23,,2020-03-23,,2020-03-23,2020-06-01
Equatorial Guinea,172,,,2020-03-31,,2020-03-17,,2020-03-17,,2020-03-23,,2020-03-31,2020-06-15
Espírito Santo,4757,,,,,2020-03-16,,2020-03-17,,2020-03-17,,2020-03-20,
Estonia,58,,,,,2020-03-16,2020-05-15,2020-03-13,,2020-03-13,2020-07-01,,
Eswatini,197,,,2020-03-27,2020-06-05,2020-03-17,,2020-03-17,,2020-03-27,,2020-03-27,2020-04-15
Ethiopia,179,,,,,2020-03-16,,2020-03-16,,2020-03-20,,,
Europe and Central Asia,60899,,,,,,,,,,,,
Extremadura,60362,,,2020-03-15,2020-05-11,2020-03-14,,2020-03-15,,2020-03-15,,2020-03-15,2020-04-13
Finland,79,2020-03-25,2020-05-29,,,2020-03-18,,2020-03-12,,2020-03-18,2020-06-01,2020-04-04,2020-06-01
Florida,532,,,2020-04-03,2020-05-18,2020-03-17,,2020-04-03,2020-06-05,2020-03-17,2020-09-25,,
France,80,2020-03-17,2020-05-11,2020-03-18,2020-05-11,2020-03-13,2020-05-25,2020-03-04,,2020-03-15,,2020-03-15,2020-05-11
Friuli-Venezia Giulia,35501,2020-03-22,2020-05-04,2020-03-11,2020-06-03,2020-03-05,,2020-03-11,,2020-03-11,2020-06-15,2020-03-11,2020-04-14
Gabon,173,,,,,2020-03-13,,2020-03-13,,2020-03-13,,,
Galicia,60372,,,2020-03-15,2020-05-11,2020-03-14,,2020-03-15,,2020-03-15,2020-06-22,2020-03-15,2020-04-13
Gambia,206,,,,,2020-03-18,,2020-03-18,,2020-03-18,,2020-03-27,2020-07-22
Georgia,35,2020-03-24,2020-04-27,,,2020-03-02,,2020-03-23,,2020-03-21,,2020-03-21,2020-04-27
Georgia,533,,,2020-04-03,,2020-03-18,,2020-03-24,,2020-03-24,,,
Germany,81,,,,,,,,,,,,
Ghana,207,,,,,2020-03-16,,2020-03-15,,2020-03-24,,,
Gilgit-Baltistan,53617,,,2020-03-24,2020-05-09,2020-03-13,,2020-03-24,,2020-03-24,,2020-03-24,2020-04-15
Global,1,,,,,,,,,,,,
Goa,4850,2020-03-25,2020-04-20,2020-03-23,2020-06-01,2020-03-15,,2020-03-23,,2020-03-15,,2020-03-15,2020-04-20
Goiás,4758,,,,,2020-03-18,,2020-03-13,,2020-03-17,,2020-03-20,2020-04-19
Greece,82,2020-03-23,,2020-03-23,2020-05-04,2020-03-11,2020-09-14,2020-03-08,,2020-03-12,,2020-03-22,2020-05-04
Guam,351,2020-04-11,2020-04-28,,,2020-03-17,,2020-03-16,,2020-03-20,,2020-03-20,2020-05-07
Guanajuato,4653,,,2020-06-22,,2020-03-16,,2020-03-24,,2020-03-23,,2020-03-30,
Guangdong,496,2020-02-06,2020-05-19,2020-02-06,2020-05-19,2020-02-06,2020-05-19,2020-02-06,2020-05-19,2020-02-06,2020-05-19,2020-02-06,2020-05-19
Guatemala,128,,,,,2020-03-16,,2020-03-16,,2020-03-17,,2020-03-17,
Guerrero,4654,,,2020-06-22,,2020-03-22,,2020-03-24,,2020-03-23,,2020-04-04,
Guinea,208,,,,,2020-03-26,2020-09-01,2020-03-26,,2020-03-26,,,
Guinea-Bissau,209,,,2020-03-28,,2020-03-17,,2020-03-15,,2020-03-15,,2020-04-03,
Gujarat,4851,2020-03-24,2020-05-18,2020-03-24,2020-06-01,2020-03-16,,2020-03-24,,2020-03-24,,2020-03-24,2020-04-24
Guyana,113,,,2020-05-04,,2020-03-16,,2020-04-02,,2020-04-02,,2020-05-04,
Hainan,499,2020-02-05,2020-02-25,2020-02-05,2020-02-25,2020-02-05,2020-02-25,2020-02-05,2020-02-25,2020-02-05,2020-02-25,2020-02-05,2020-02-25
Haiti,114,,,,,2020-03-20,2020-08-17,2020-03-20,,2020-03-20,,,
Hamburg,60382,,,2020-03-22,2020-05-04,2020-03-16,2020-07-01,2020-03-22,,2020-03-15,,,
Haryana,4852,2020-03-24,2020-05-16,2020-03-24,2020-06-01,2020-03-16,,2020-03-20,,2020-03-16,,2020-03-16,2020-04-20
Hawaii,534,,,2020-03-25,2020-06-10,2020-03-19,,2020-03-17,,2020-03-17,,2020-03-25,2020-05-01
Hebei,500,2020-02-07,2020-03-24,2020-02-07,2020-03-24,2020-02-07,2020-03-24,2020-02-07,2020-03-24,2020-02-07,2020-03-24,2020-02-07,2020-03-24
Heilongjiang,501,2020-02-06,2020-03-09,2020-02-06,2020-03-09,2020-02-06,2020-03-09,2020-02-06,2020-03-09,2020-02-06,2020-03-09,2020-02-06,2020-03-09
Hesse,60383,,,2020-03-22,2020-05-09,2020-03-16,,2020-03-22,,2020-03-15,,,
Hidalgo,4655,,,2020-06-22,,2020-03-22,,2020-03-24,,2020-03-29,,2020-03-30,
Himachal Pradesh,4853,2020-03-23,2020-04-20,2020-03-23,2020-06-01,2020-03-14,,2020-03-23,,2020-03-23,,2020-03-23,2020-04-20
Honduras,129,2020-03-16,,2020-03-19,,2020-03-13,,2020-03-14,,2020-03-16,,2020-03-16,
Hong Kong Special Administrative Region of China,354,,,,,,,,,,,,
Hubei,503,2020-02-10,2020-03-14,2020-02-10,2020-03-14,2020-02-10,2020-03-14,2020-02-10,2020-03-14,2020-02-10,2020-03-14,2020-02-10,2020-03-14
Hungary,48,,,2020-03-28,2020-05-18,2020-03-16,2020-09-01,2020-03-12,,2020-03-12,,2020-03-16,2020-05-18
Iceland,83,,,,,2020-03-16,2020-05-04,2020-03-16,,2020-03-24,2020-05-25,,
Idaho,535,,,2020-03-25,2020-05-01,2020-03-23,,2020-03-25,2020-05-01,2020-03-25,2020-06-13,2020-03-25,2020-05-01
Illinois,536,,,2020-03-21,2020-05-29,2020-03-17,,2020-03-13,,2020-03-16,,2020-03-21,2020-05-01
India,163,2020-03-25,,2020-03-25,2020-06-09,2020-03-25,,2020-03-25,,2020-03-16,,2020-03-25,2020-05-21
Indiana,537,,,2020-03-25,2020-05-18,2020-03-19,,2020-03-12,,2020-03-16,2020-09-26,2020-03-24,2020-05-18
Indonesia,11,,,,,2020-03-16,,2020-03-16,,,,,
Iowa,538,,,,,2020-04-04,,2020-03-17,2020-06-12,2020-03-17,,2020-03-17,2020-05-08
Iran (Islamic Republic of),142,2020-03-19,2020-04-09,,,2020-02-24,,2020-02-24,2020-05-26,2020-03-04,,,
Iraq,143,,,2020-03-17,2020-04-21,2020-02-27,,2020-02-25,,2020-02-27,,,
Ireland,84,,,2020-03-27,2020-05-18,2020-03-12,,2020-03-12,,2020-03-15,,2020-03-24,2020-05-18
Islamabad Capital Territory,53618,,,2020-03-21,2020-05-09,2020-03-13,,2020-03-21,,2020-03-21,,2020-03-21,2020-04-15
Israel,85,,,2020-03-25,2020-04-19,2020-03-12,2020-06-01,2020-03-04,,2020-03-15,,2020-03-25,2020-05-03
Italy,86,,,,,,,,,,,,
Jalisco,4656,,,2020-04-19,,2020-03-16,,2020-03-24,,2020-03-23,,2020-03-30,
Jamaica,115,,,,,2020-03-13,,2020-03-18,,2020-03-18,,,
Jammu & Kashmir and Ladakh,4854,2020-03-22,,2020-03-22,2020-06-09,2020-03-11,,2020-03-22,,2020-03-22,,2020-03-22,2020-05-17
Japan,67,,,,,2020-03-02,2020-06-02,,,,,,
Jharkhand,4855,2020-03-23,2020-05-19,2020-03-23,2020-06-01,2020-03-17,,2020-03-23,,2020-03-23,,2020-03-23,2020-04-20
Jordan,144,2020-03-18,2020-04-29,2020-03-21,2020-04-27,2020-03-15,,2020-03-14,,2020-03-14,2020-06-06,2020-03-18,2020-04-27
Kansas,539,,,2020-03-30,2020-05-04,2020-03-17,,2020-03-17,2020-05-22,2020-03-30,2020-06-08,,
Karnataka,4856,2020-03-24,2020-05-04,2020-03-24,2020-06-01,2020-03-13,,2020-03-24,,2020-03-13,,2020-03-13,2020-05-04
Kazakhstan,36,2020-03-16,2020-06-01,2020-03-28,2020-05-22,2020-03-16,,2020-03-28,,2020-03-16,,2020-03-16,2020-05-11
Kentucky,540,,,,,2020-03-20,,2020-03-19,,2020-03-16,2020-06-29,2020-03-26,2020-05-11
Kenya,180,,,,,2020-03-20,,2020-03-22,,2020-03-22,,,
Kerala,4857,2020-03-23,2020-05-19,2020-03-23,2020-06-01,2020-03-18,,2020-03-23,,2020-03-23,,2020-03-23,2020-04-20
Khyber Pakhtunkhwa,53619,,,2020-03-22,2020-05-09,2020-03-13,,2020-03-22,,2020-03-22,,2020-03-22,2020-04-15
Kuwait,145,2020-05-10,,2020-05-10,,2020-03-01,,2020-03-18,,2020-03-14,,2020-05-10,
Kyrgyzstan,37,,,,,2020-03-16,,2020-03-17,,2020-03-22,,2020-03-22,2020-05-01
La Rioja,60376,,,2020-03-15,2020-05-11,2020-03-14,,2020-03-15,,2020-03-15,,2020-03-15,2020-04-13
Latin America and Caribbean,103,,,,,,,,,,,,
Latvia,59,,,,,2020-03-12,,2020-03-13,,,,,
Lazio,35506,2020-03-22,2020-05-04,2020-03-11,2020-06-03,2020-03-05,,2020-03-11,,2020-03-11,2020-06-15,2020-03-11,2020-04-14
Lebanon,146,,,2020-03-15,2020-05-04,2020-03-03,,2020-03-15,,2020-03-15,,2020-03-15,2020-05-04
Liberia,210,,,,,2020-03-16,,2020-03-21,,2020-03-21,,2020-04-14,2020-05-22
Libya,147,,,,,2020-03-16,,2020-03-22,,2020-03-22,,,
Liguria,35496,2020-03-22,2020-05-04,2020-03-11,2020-06-03,2020-03-05,,2020-03-11,,2020-03-11,2020-06-15,2020-03-11,2020-04-14
Lithuania,60,,,2020-03-15,2020-04-29,2020-03-16,2020-09-01,2020-03-15,,2020-03-14,2020-06-16,2020-03-15,2020-04-15
Lombardia,35497,2020-03-08,2020-05-04,2020-03-08,2020-06-03,2020-03-01,,2020-02-22,,2020-02-22,2020-06-15,2020-03-08,2020-04-14
Louisiana,541,,,2020-03-23,2020-05-15,2020-03-16,,2020-03-13,2020-05-15,2020-03-17,,2020-03-22,2020-05-01
Lower Saxony,60384,,,2020-03-23,2020-05-11,2020-03-16,,2020-03-23,,2020-03-27,,2020-03-27,2020-04-20
Luxembourg,87,,,,,2020-03-16,,2020-03-13,,2020-03-18,2020-07-16,2020-03-18,2020-04-20
Madagascar,181,2020-03-21,,,,2020-03-20,,2020-03-20,,2020-03-20,,,
Madhya Pradesh,4859,2020-03-23,2020-06-01,2020-03-23,2020-06-01,2020-03-14,,2020-03-23,,2020-03-23,,2020-03-23,2020-05-19
Maharashtra,4860,2020-03-23,2020-06-05,2020-03-23,2020-06-03,2020-03-23,,2020-03-23,,2020-03-23,,2020-03-23,2020-04-24
Maine,542,,,2020-04-02,2020-05-31,2020-03-16,,2020-03-18,,2020-03-18,,2020-03-25,2020-05-01
Malawi,182,,,,,2020-03-23,,2020-03-23,,,,,
Malaysia,13,2020-03-18,2020-06-10,2020-03-18,2020-06-10,2020-03-18,,2020-03-13,,2020-03-18,,2020-03-18,2020-06-10
Maldives,14,,,2020-04-15,,2020-03-14,,2020-03-16,,2020-03-15,,,
Mali,211,,,,,2020-03-19,,2020-03-19,,2020-03-19,,,
Malta,88,,,,,2020-03-13,,2020-03-03,,2020-03-17,2020-07-01,2020-03-23,2020-05-22
Manipur,4861,2020-03-23,2020-05-04,2020-03-23,2020-06-01,2020-03-13,,2020-03-23,,2020-03-23,,2020-03-23,2020-04-21
Manitoba,43860,,,,,2020-03-23,,2020-03-20,,2020-03-20,,2020-04-01,2020-05-04
Maranhão,4759,,,,,2020-03-17,,2020-03-21,,2020-03-21,,2020-03-21,
Marche,35505,2020-03-22,2020-05-04,2020-03-11,2020-06-03,2020-03-05,,2020-03-07,,2020-03-07,2020-06-15,2020-03-11,2020-04-14
Maryland,543,,,2020-03-30,2020-05-15,2020-03-16,,2020-03-16,2020-06-10,2020-03-16,,2020-03-23,2020-05-15
Massachusetts,544,,,,,2020-03-17,,2020-03-13,,2020-03-17,,2020-03-24,2020-05-18
Mato Grosso,4762,,,2020-03-31,,2020-03-23,,2020-03-16,,2020-03-26,,2020-03-26,2020-04-22
Mato Grosso do Sul,4761,,,,,2020-03-23,,2020-03-16,,,,,
Mauritania,212,2020-03-29,2020-07-10,,,2020-03-16,2020-09-01,2020-03-19,2020-09-05,2020-03-19,2020-07-07,,
Mauritius,183,2020-03-23,2020-05-30,2020-03-23,2020-05-30,2020-03-19,,2020-03-23,2020-06-12,2020-03-23,2020-06-15,2020-03-23,2020-06-12
Mecklenburg-Vorpommern,60385,,,2020-03-23,2020-05-07,2020-03-16,,2020-03-23,,2020-03-18,,2020-03-18,2020-04-20
Meghalaya,4862,2020-03-24,2020-05-11,2020-03-24,2020-06-08,2020-03-17,,2020-03-24,,2020-03-24,,2020-03-24,2020-04-24
Mexico,130,,,,,2020-03-23,,2020-03-24,,2020-04-04,,2020-04-04,
Mexico City,4651,,,2020-06-22,,2020-03-19,,2020-03-16,,2020-03-30,,2020-04-01,2020-06-01
Michigan,545,,,2020-03-24,2020-06-01,2020-03-16,,2020-03-13,,2020-03-16,,2020-03-23,2020-05-07
Michoacán de Ocampo,4658,,,2020-06-22,,2020-03-23,,2020-03-15,,2020-03-23,,2020-03-30,
Minas Gerais,4760,,,,,2020-03-20,,2020-03-22,,2020-03-22,,,
Minnesota,546,,,2020-03-28,2020-05-18,2020-03-18,,2020-03-28,,2020-03-17,2020-06-10,,
Mississippi,547,,,2020-04-03,2020-04-27,2020-03-19,,2020-03-24,,2020-03-24,2020-06-01,2020-04-03,2020-04-27
Missouri,548,,,2020-04-06,2020-05-15,2020-03-23,,2020-03-23,2020-05-04,2020-03-23,2020-06-16,,
Molise,35508,2020-03-22,2020-05-04,2020-03-11,2020-06-03,2020-03-05,,2020-03-11,,2020-03-11,2020-06-15,2020-03-11,2020-04-14
Montana,549,,,2020-03-26,2020-04-26,2020-03-15,,2020-03-24,2020-06-01,2020-03-20,2020-06-01,2020-03-26,2020-05-01
Montenegro,50,2020-03-17,2020-05-04,,,2020-03-16,,2020-03-13,,2020-03-18,,2020-03-18,2020-05-04
Morelos,4659,,,2020-06-22,,2020-03-17,,2020-03-20,,2020-03-23,,2020-03-30,
Morocco,148,2020-03-20,2020-06-25,2020-03-18,2020-06-25,2020-03-16,,2020-03-05,,2020-03-16,,2020-03-16,2020-06-25
Mozambique,184,,,,,2020-03-23,,2020-03-23,,2020-03-30,,,
Murcia,60366,,,2020-03-15,2020-05-11,2020-03-14,,2020-03-15,,2020-03-15,,2020-03-15,2020-04-13
Myanmar,15,2020-03-12,,,,2020-03-24,,2020-03-13,,2020-03-24,,,
México,4657,,,2020-04-02,,2020-03-22,,2020-03-24,,2020-03-23,,2020-04-02,
Nagaland,4864,2020-03-18,2020-05-04,2020-03-25,2020-06-01,2020-03-18,,2020-03-25,,2020-03-18,,2020-03-18,2020-04-25
Namibia,195,,,2020-04-14,2020-05-05,2020-03-16,2020-09-07,2020-03-14,,2020-04-14,,2020-04-14,2020-05-05
Navarre,60370,,,2020-03-15,2020-05-11,2020-03-14,,2020-03-15,,2020-03-15,,2020-03-15,2020-04-13
Nayarit,4660,,,2020-06-22,,2020-03-22,,2020-03-15,,2020-03-23,,2020-03-30,
Nebraska,550,,,,,2020-04-02,,2020-03-16,,2020-03-19,2020-07-06,,
Nepal,164,2020-03-24,2020-06-15,2020-03-24,2020-06-15,2020-03-18,,2020-03-18,,2020-03-18,,2020-03-22,2020-06-15
Netherlands,89,,,,,2020-03-15,2020-08-17,2020-03-10,,2020-03-12,,,
Nevada,551,,,2020-03-31,2020-05-09,2020-03-16,,2020-03-24,,2020-03-18,,2020-03-21,2020-05-09
New Hampshire,552,,,2020-03-27,2020-06-16,2020-03-16,,2020-03-16,,2020-03-16,2020-06-29,2020-03-28,2020-05-11
New Jersey,553,,,2020-03-21,2020-06-09,2020-03-18,,2020-03-16,,2020-03-16,,2020-03-21,2020-05-02
New Mexico,554,,,,,2020-03-13,,2020-03-12,,2020-03-16,,2020-03-24,2020-05-15
New York,555,,,2020-03-22,2020-06-08,2020-03-18,,2020-03-12,,2020-03-16,,2020-03-22,2020-06-08
New Zealand,72,,,2020-03-24,2020-05-14,2020-03-24,2020-05-18,2020-03-16,2020-06-09,2020-03-24,2020-06-09,2020-03-24,2020-04-28
Nicaragua,131,,,,,,,,,,,,
Niger,213,,,,,2020-03-17,2020-08-14,2020-03-13,2020-05-25,2020-03-18,,,
Nigeria,214,,,,,2020-03-23,,,,,,,
North Africa and Middle East,138,,,,,,,,,,,,
North America,44638,,,,,,,,,,,,
North Carolina,556,,,2020-03-30,2020-05-08,2020-03-14,,2020-03-14,,2020-03-17,,2020-03-30,2020-05-08
North Dakota,557,,,,,2020-03-16,,,,2020-03-20,,,
North Macedonia,49,,,2020-03-22,2020-05-13,2020-03-10,,2020-03-22,,2020-03-14,,2020-03-14,2020-05-13
North Rhine-Westphalia,60386,,,2020-03-23,2020-05-11,2020-03-16,,2020-03-23,,2020-02-26,,2020-03-23,2020-04-20
Northern Ireland,433,,,2020-03-23,2020-06-13,2020-03-23,2020-08-31,2020-03-23,,2020-03-23,,2020-03-23,2020-06-08
Norway,90,,,,,2020-03-12,2020-05-15,2020-03-12,,2020-03-12,,,
Nova Scotia,43864,,,,,2020-03-16,,2020-03-15,,2020-03-15,,,
Nuevo León,4661,,,2020-06-22,,2020-03-22,,2020-03-23,,2020-03-24,,2020-03-30,
Oaxaca,4662,,,2020-06-22,,2020-03-22,,2020-03-12,,2020-03-23,,2020-03-30,
Odisha,4865,2020-03-24,2020-05-18,2020-03-24,2020-06-01,2020-03-13,,2020-03-24,,2020-03-24,,2020-03-24,2020-05-04
Ohio,558,,,2020-03-23,2020-05-20,2020-03-16,,2020-03-12,,2020-03-15,,2020-03-23,2020-05-04
Oklahoma,559,,,,,2020-03-17,,2020-03-24,2020-05-24,2020-04-01,2020-06-01,2020-04-01,2020-04-24
Oman,150,,,,,2020-03-15,,2020-04-21,,2020-03-31,2020-10-01,,
Ontario,43866,,,,,2020-03-16,,2020-03-16,,2020-03-16,,2020-04-05,2020-05-04
Oregon,560,,,2020-03-23,2020-06-19,2020-03-16,,2020-03-12,,2020-03-17,,,
Pakistan,165,,,2020-03-24,2020-05-09,2020-03-15,2020-09-30,2020-03-24,,2020-03-24,,2020-03-24,2020-04-15
Palestine,149,2020-03-22,2020-05-29,2020-03-22,2020-05-29,2020-03-16,,2020-03-22,,2020-03-22,,2020-03-22,2020-05-05
Panama,132,2020-03-13,2020-06-01,2020-03-25,2020-06-01,2020-03-16,,2020-03-25,,2020-03-25,,2020-03-25,2020-05-13
Paraguay,136,,,2020-03-20,,2020-03-11,,2020-03-10,,2020-03-12,,2020-03-21,2020-05-25
Paraná,4765,,,,,2020-03-20,,2020-03-16,,2020-03-16,,2020-03-21,2020-06-22
Paraíba,4764,,,,,2020-03-19,,2020-03-17,,2020-03-29,,,
Pará,4763,2020-04-06,,,,2020-03-24,,2020-03-27,,2020-03-20,,2020-03-20,
Pennsylvania,561,,,2020-04-01,2020-06-05,2020-03-17,,2020-04-01,2020-09-14,2020-03-18,2020-07-03,2020-03-23,2020-05-08
Pernambuco,4766,,,,,2020-03-18,,,,2020-03-19,,2020-03-20,
Peru,123,,,2020-03-16,,2020-03-16,,2020-03-12,,2020-03-16,,2020-03-16,2020-05-01
Philippines,16,,,,,2020-03-16,,,,,,,
Piaui,4767,,,,,2020-03-16,,2020-03-16,,2020-03-19,,2020-03-23,
Piemonte,35494,2020-03-22,2020-05-04,2020-03-11,2020-06-03,2020-03-05,,2020-03-07,,2020-03-07,2020-06-15,2020-03-11,2020-04-14
Poland,51,,,2020-03-24,2020-04-20,2020-03-12,2020-09-01,2020-03-10,,2020-03-31,,,
Portugal,91,2020-04-09,2020-05-02,2020-03-19,2020-05-02,2020-03-16,,2020-03-19,,2020-03-16,,2020-03-19,2020-05-02
Provincia autonoma di Bolzano,35498,2020-03-22,2020-05-04,2020-03-11,2020-06-03,2020-03-05,,2020-03-11,,2020-03-11,2020-06-15,2020-03-11,2020-04-14
Provincia autonoma di Trento,35499,2020-03-22,2020-05-04,2020-03-11,2020-06-03,2020-03-05,,2020-03-11,,2020-03-11,2020-06-15,2020-03-11,2020-04-14
Puebla,4663,,,2020-06-22,,2020-03-22,,2020-03-23,,2020-03-29,,2020-03-30,
Puerto Rico,385,,,2020-03-16,2020-06-16,2020-03-16,,2020-03-12,,2020-03-16,2020-06-16,2020-03-16,2020-05-04
Puglia,35510,2020-03-22,2020-05-04,2020-03-11,2020-06-03,2020-03-05,,2020-03-11,,2020-03-11,2020-06-15,2020-03-11,2020-04-14
Punjab,4867,2020-03-23,2020-05-20,2020-03-23,2020-06-01,2020-03-19,,2020-03-22,,2020-03-23,,2020-03-23,2020-04-30
Punjab,53620,,,2020-03-24,2020-05-09,2020-03-15,,2020-03-24,,2020-03-24,,2020-03-24,2020-04-15
Qatar,151,,,,,2020-03-10,,2020-03-14,,2020-03-13,,2020-03-13,2020-06-15
Quebec,43868,,,,,2020-03-16,2020-09-02,2020-03-12,,2020-03-15,,2020-03-23,2020-05-11
Querétaro,4664,,,2020-06-22,,2020-03-15,,2020-03-13,,2020-03-23,,2020-03-30,
Quintana Roo,4665,,,2020-06-22,,2020-03-22,,2020-03-24,,2020-03-23,,2020-03-30,
Rajasthan,4868,2020-03-22,2020-05-25,2020-03-22,2020-06-01,2020-03-22,,2020-03-19,,2020-03-22,,2020-03-22,2020-05-14
Republic of Korea,68,,,,,2020-03-02,2020-06-08,,,2020-03-22,,,
Republic of Moldova,61,,,2020-03-25,2020-05-16,2020-03-11,,2020-03-10,,2020-03-13,,2020-03-16,2020-06-01
Rhineland-Palatinate,60387,,,2020-03-22,2020-05-13,2020-03-16,,2020-03-22,,2020-03-23,,2020-03-23,2020-04-20
Rhode Island,562,,,2020-03-28,2020-05-09,2020-03-16,,2020-03-17,,2020-03-17,,,
Rio Grande do Norte,4769,2020-06-04,,,,2020-03-24,,2020-04-01,,2020-04-01,,2020-04-01,
Rio Grande do Sul,4772,,,,,2020-04-01,,2020-03-19,,2020-03-19,,2020-04-01,2020-04-08
Rio de Janeiro,4768,,,2020-03-30,,2020-03-13,,2020-03-13,,2020-03-16,,,
Romania,52,,,2020-03-23,2020-05-15,2020-03-11,,2020-03-06,,2020-03-21,,2020-03-21,2020-05-15
Rondônia,4770,,,,,2020-03-17,,2020-03-20,,2020-03-20,,2020-03-20,
Roraima,4771,,,,,2020-03-17,,2020-03-16,,2020-03-22,,2020-03-27,
Russian Federation,62,,,,,2020-03-23,2020-09-01,,,2020-03-30,,2020-03-30,2020-05-12
Rwanda,185,2020-03-21,,2020-03-21,2020-05-04,2020-03-16,,2020-03-17,,2020-03-21,,2020-03-21,2020-05-04
Saarland,60388,,,2020-03-21,2020-05-18,2020-03-16,,2020-03-21,,2020-03-15,,,
San Luis Potosí,4666,,,2020-06-22,,2020-03-22,,2020-03-20,,2020-03-22,,2020-03-30,
San Marino,396,,,,,2020-02-23,,2020-03-08,2020-06-15,2020-03-08,,,
Santa Catarina,4773,,,,,2020-03-19,,2020-03-17,,2020-03-17,,2020-03-17,2020-04-13
Sao Tome and Principe,215,,,,,2020-03-19,,2020-03-19,,2020-03-19,,,
Sardegna,35514,2020-03-22,2020-05-04,2020-03-11,2020-06-03,2020-03-05,,2020-03-11,,2020-03-11,2020-06-15,2020-03-11,2020-04-14
Saskatchewan,43869,,,,,2020-03-20,,2020-03-13,,2020-03-18,,,
Saudi Arabia,152,2020-03-26,2020-05-31,2020-05-25,2020-06-21,2020-03-09,,2020-03-15,,2020-03-15,,2020-03-15,2020-04-29
Saxony,60390,,,2020-03-23,2020-04-20,2020-03-23,2020-07-18,2020-03-23,,2020-03-23,,2020-03-23,2020-04-20
Saxony-Anhalt,60389,,,2020-03-22,2020-05-04,2020-03-16,2020-06-15,2020-03-22,,2020-03-24,,2020-03-24,2020-04-20
Schleswig-Holstein,60391,,,2020-03-24,2020-05-09,2020-03-16,,2020-03-24,,2020-03-14,,2020-03-24,2020-04-20
Scotland,434,,,2020-03-23,2020-05-28,2020-03-23,2020-08-18,2020-03-23,,2020-03-23,,2020-03-23,2020-05-28
Senegal,216,,,,,2020-03-16,,2020-03-14,,,,,
Serbia,53,2020-03-21,2020-04-23,2020-03-18,2020-05-07,2020-03-16,,2020-03-11,,2020-03-16,,2020-03-16,2020-04-21
Sergipe,4774,,,,,2020-03-16,,2020-03-16,,2020-03-20,,2020-03-24,2020-04-16
Shandong,513,2020-02-04,2020-02-18,2020-02-04,2020-02-18,2020-02-04,2020-02-18,2020-02-04,2020-02-18,2020-02-04,2020-02-18,2020-02-04,2020-02-18
Shanghai,514,2020-02-10,2020-03-24,2020-02-10,2020-03-24,2020-02-10,2020-03-24,2020-02-10,2020-03-24,2020-02-10,2020-03-24,2020-02-10,2020-03-24
Sicilia,35513,2020-03-22,2020-05-04,2020-03-11,2020-06-03,2020-03-05,,2020-03-11,,2020-03-11,2020-06-15,2020-03-11,2020-04-14
Sierra Leone,217,,,2020-04-05,2020-04-08,2020-03-31,,2020-03-16,,2020-04-11,,2020-04-11,
Sinaloa,4667,,,,,2020-03-19,,2020-03-20,,2020-03-23,,2020-03-30,
Sindh,53621,,,2020-03-22,2020-05-09,2020-03-01,,2020-03-22,,2020-03-22,,2020-03-22,2020-04-15
Singapore,69,,,2020-04-07,2020-06-02,2020-04-08,2020-06-29,2020-03-20,,2020-03-26,,2020-04-07,2020-06-02
Slovakia,54,2020-04-08,2020-04-14,,,2020-03-12,2020-09-02,2020-03-12,,2020-03-16,2020-06-03,2020-03-16,2020-03-30
Slovenia,55,2020-03-16,2020-04-30,,,2020-03-16,2020-09-01,2020-03-12,,2020-03-15,,2020-03-15,2020-04-20
Somalia,187,,,,,2020-03-19,2020-08-15,2020-03-19,2020-05-29,,,,
Sonora,4668,,,2020-04-12,,2020-03-16,,2020-03-17,,2020-03-23,,2020-03-30,
South Africa,196,2020-03-27,,2020-03-27,2020-06-01,2020-03-18,,2020-03-15,,2020-03-27,,2020-03-27,2020-05-01
South Asia,159,,,,,,,,,,,,
South Carolina,563,,,2020-04-07,2020-05-04,2020-03-16,,2020-03-18,,2020-03-18,2020-08-03,,
South Dakota,564,,,,,2020-03-16,,2020-04-06,2020-04-28,,,,
South Sudan,435,2020-04-12,,2020-05-01,2020-07-08,2020-03-20,,2020-03-20,,2020-03-28,,2020-03-28,2020-05-08
Spain,92,,,,,,,,,,,,
Sri Lanka,17,2020-03-24,2020-04-27,,,2020-03-13,2020-08-10,2020-03-14,,2020-03-14,,,
Sub-Saharan Africa,166,,,,,,,,,,,,
Sudan,522,2020-04-12,,2020-05-01,2020-07-08,2020-03-15,,2020-03-15,,,,,
Suriname,118,,,2020-06-04,2020-06-12,2020-03-16,,2020-04-06,,2020-03-29,,,
Sweden,93,,,,,,,2020-03-11,,,,,
Switzerland,94,,,,,2020-03-13,2020-06-08,2020-02-28,,2020-03-16,,2020-03-16,2020-04-27
Syrian Arab Republic,153,2020-03-23,2020-05-10,,,2020-03-14,,2020-03-24,,2020-03-22,,2020-03-22,2020-04-18
São Paulo,4775,,,,,2020-03-23,,2020-03-14,,2020-03-24,,2020-03-24,2020-05-29
Tabasco,4669,,,,,2020-03-22,,2020-03-14,,2020-03-23,,2020-04-01,
Taiwan (Province of China),8,,,,,2020-02-02,2020-02-25,,,,,,
Tajikistan,39,,,,,2020-05-04,2020-08-17,2020-04-25,,,,,
Tamaulipas,4670,,,2020-06-22,,2020-03-16,,2020-03-13,,2020-03-23,,2020-03-30,
Tamil Nadu,4870,2020-03-24,2020-04-29,2020-03-24,2020-06-01,2020-03-24,,2020-03-23,,2020-03-24,,2020-03-24,2020-04-29
Telangana,4871,2020-03-22,2020-05-19,2020-03-22,2020-06-08,2020-03-14,,2020-03-22,,2020-03-22,,2020-03-22,2020-05-19
Tennessee,565,,,2020-04-02,2020-05-26,2020-03-20,,2020-03-23,,2020-03-23,,2020-04-01,2020-05-26
Texas,566,,,2020-04-02,2020-05-01,2020-03-19,,2020-03-21,2020-06-04,2020-03-21,,,
Thailand,18,,,,,2020-03-18,2020-08-13,,,,,,
Thuringia,60392,,,2020-03-22,2020-05-13,2020-03-17,2020-06-13,2020-03-22,2020-06-13,2020-03-15,,,
Tlaxcala,4671,,,,,2020-03-15,,2020-03-27,,2020-03-23,,2020-03-23,
Tocantins,4776,,,,,2020-03-18,,2020-03-21,,2020-05-05,,2020-05-05,
Togo,218,,,,,2020-03-20,,2020-03-20,,2020-03-21,,,
Toscana,35503,2020-03-22,2020-05-04,2020-03-11,2020-06-03,2020-03-05,,2020-03-11,,2020-03-11,2020-06-15,2020-03-11,2020-04-14
Trinidad and Tobago,119,,,2020-03-30,2020-05-24,2020-03-16,,2020-03-16,,2020-03-17,,2020-03-30,2020-05-11
Tripura,4872,2020-03-24,2020-05-18,2020-03-24,2020-06-01,2020-03-17,,2020-03-24,,2020-03-24,,2020-03-24,2020-04-21
Tunisia,154,,,2020-03-22,2020-05-15,2020-03-13,,2020-03-16,2020-06-08,2020-03-13,2020-06-08,2020-03-22,2020-05-04
Turkey,155,,,,,2020-03-16,,2020-03-16,2020-05-29,2020-03-16,,,
Uganda,190,2020-03-30,2020-05-26,2020-03-30,2020-06-02,2020-03-20,,2020-03-18,,2020-03-18,,2020-03-30,2020-05-04
Ukraine,63,,,2020-04-03,2020-06-05,2020-03-12,,2020-03-12,,2020-03-12,,2020-03-17,2020-05-11
Umbria,35504,2020-03-22,2020-05-04,2020-03-11,2020-06-03,2020-03-05,,2020-03-11,,2020-03-11,2020-06-15,2020-03-11,2020-04-14
United Arab Emirates,156,,,2020-03-23,2020-04-24,2020-03-08,,2020-03-23,,2020-03-23,,,
United Kingdom,95,,,2020-03-23,2020-06-19,2020-03-23,,2020-03-16,,2020-03-20,,2020-03-24,2020-06-29
United States Virgin Islands,422,,,2020-03-25,2020-05-04,2020-03-18,,2020-03-21,,2020-03-23,2020-06-01,2020-03-25,2020-05-04
United States of America,102,,,,,,,,,,,,
Uruguay,99,,,,,2020-03-15,2020-06-29,,,2020-03-17,,,
Utah,567,,,,,2020-03-16,,2020-03-19,2020-05-01,2020-03-19,,,
Uttar Pradesh,4873,2020-03-25,2020-05-20,2020-03-25,2020-06-01,2020-03-25,,2020-03-25,,2020-03-25,,2020-03-25,2020-05-20
Uttarakhand,4874,2020-03-22,2020-05-04,2020-03-22,2020-06-01,2020-03-13,,2020-03-22,,2020-03-22,,2020-03-22,2020-04-24
Uzbekistan,41,2020-03-27,2020-05-18,2020-03-27,2020-08-15,2020-03-16,,2020-03-23,,2020-03-21,,,
Valencian Community,60371,,,2020-03-15,2020-05-11,2020-03-14,,2020-03-15,,2020-03-15,,2020-03-15,2020-04-13
Valle d'Aosta,35495,2020-03-22,2020-05-04,2020-03-11,2020-06-03,2020-03-05,,2020-03-11,,2020-03-11,2020-06-15,2020-03-11,2020-04-14
Veneto,35500,2020-03-22,2020-05-04,2020-03-11,2020-06-03,2020-03-01,,2020-02-22,,2020-02-22,2020-06-15,2020-03-11,2020-04-14
Venezuela (Bolivarian Republic of),133,2020-03-17,,2020-03-20,,2020-03-16,,2020-03-12,,2020-03-16,,2020-03-16,2020-06-01
Veracruz de Ignacio de la Llave,4672,,,,,2020-03-16,,2020-03-16,,2020-03-23,,2020-03-30,
Vermont,568,,,2020-03-24,2020-05-15,2020-03-18,,2020-03-13,,2020-03-17,,2020-03-25,2020-05-04
Virginia,569,,,2020-03-30,2020-06-05,2020-03-16,,2020-03-15,,2020-03-17,,2020-03-24,2020-05-15
Wales,4636,2020-06-01,2020-07-06,2020-03-23,2020-06-01,2020-03-23,,2020-03-23,,2020-03-23,,2020-03-23,2020-06-22
Washington,570,,,2020-03-23,2020-07-03,2020-03-13,,2020-03-11,,2020-03-16,,2020-03-25,2020-07-03
West Bengal,4875,2020-03-24,2020-05-05,2020-03-24,2020-06-01,2020-03-14,,2020-03-24,,2020-03-24,,2020-03-24,2020-05-05
West Virginia,571,,,2020-03-25,2020-05-04,2020-03-14,,2020-03-24,,2020-03-18,,2020-03-24,2020-05-04
Wisconsin,572,,,2020-03-25,2020-05-13,2020-03-18,,2020-03-17,,2020-03-17,,2020-03-25,2020-05-11
Wyoming,573,,,,,2020-03-19,,2020-03-20,,2020-03-19,2020-05-15,,
Yemen,157,,,,,2020-03-25,,,,,,,
Yucatán,4673,,,2020-06-22,,2020-03-16,,2020-03-26,,2020-03-23,,2020-03-30,
Zacatecas,4674,,,2020-06-22,,2020-03-23,,2020-03-15,,2020-03-23,,2020-03-30,
Zambia,191,,,,,2020-03-20,2020-09-14,2020-03-25,,2020-03-25,,,
Zimbabwe,198,,,2020-03-30,,2020-03-23,,2020-03-23,,2020-03-23,,2020-03-30,2020-04-20
